WORD_ID,Vocab_word
0,http
1,use
2,list
3,one
4,get
5,mail
6,would
7,like
8,messag
9,work
10,time
11,wrote
12,file
13,new
14,peopl
15,user
16,make
17,linux
18,group
19,email
20,chang
21,think
22,system
23,also
24,inform
25,way
26,could
27,said
28,go
29,say
30,need
31,look
32,know
33,run
34,spam
35,date
36,want
37,tri
38,see
39,even
40,problem
41,https
42,thing
43,world
44,year
45,first
46,set
47,url
48,server
49,line
50,instal
51,well
52,good
53,may
54,right
55,version
56,take
57,much
58,maintain
59,still
60,irish
61,mani
62,seem
63,find
64,ilug
65,network
66,subscript
67,someth
68,compani
69,sinc
70,code
71,state
72,un
73,call
74,check
75,sponsor
76,realli
77,includ
78,differ
79,listmast
80,packag
81,us
82,free
83,window
84,day
85,give
86,develop
87,back
88,subject
89,point
90,help
91,report
92,two
93,softwar
94,case
95,come
96,support
97,actual
98,write
99,last
100,link
101,sure
102,start
103,aug
104,found
105,might
106,ca
107,number
108,got
109,better
110,anoth
111,old
112,secur
113,mean
114,read
115,send
116,comput
117,web
118,provid
119,build
120,lot
121,receiv
122,address
123,part
124,perl
125,anyon
126,data
127,prefer
128,without
129,releas
130,technolog
131,end
132,sourc
133,interest
134,ad
135,program
136,post
137,open
138,thank
139,probabl
140,test
141,idea
142,sep
143,current
144,public
145,name
146,though
147,site
148,everi
149,issu
150,phone
151,person
152,put
153,servic
154,internet
155,rpm
156,signatur
157,folder
158,fix
159,around
160,place
161,manag
162,reason
163,exmh
164,bit
165,someon
166,sent
167,error
168,possibl
169,made
170,howev
171,requir
172,keep
173,nation
174,govern
175,result
176,pgp
177,never
178,long
179,ask
180,creat
181,best
182,process
183,great
184,question
185,page
186,show
187,live
188,must
189,updat
190,follow
191,exampl
192,stuff
193,design
194,base
195,word
196,kernel
197,allow
198,product
199,els
200,next
201,busi
202,today
203,matthia
204,licens
205,tell
206,yet
207,razor
208,avail
209,key
210,engin
211,directori
212,unit
213,news
214,home
215,discuss
216,let
217,yahoo
218,yes
219,anyth
220,communic
221,log
222,market
223,access
224,pleas
225,univers
226,origin
227,add
228,american
229,bug
230,happen
231,general
232,enough
233,rule
234,done
235,power
236,mayb
237,jul
238,box
239,job
240,week
241,exist
242,welcom
243,geek
244,instead
245,law
246,least
247,countri
248,cours
249,hard
250,thought
251,caus
252,rather
253,real
254,august
255,root
256,believ
257,less
258,within
259,alreadi
260,littl
261,friend
262,stop
263,connect
264,remov
265,wed
266,forc
267,septemb
268,big
269,fact
270,talk
271,global
272,effect
273,alway
274,fork
275,play
276,move
277,pm
278,machin
279,heaven
280,applic
281,drive
282,month
283,quit
284,hope
285,second
286,understand
287,comment
288,polit
289,c
290,war
291,abl
292,type
293,option
294,featur
295,turn
296,recent
297,mailto
298,suppli
299,larg
300,red
301,either
302,ago
303,experi
304,select
305,ever
306,copi
307,control
308,thinkgeek
309,hit
310,bad
311,spamassassin
312,answer
313,client
314,etc
315,bush
316,money
317,appear
318,sever
319,complet
320,distribut
321,content
322,direct
323,other
324,trade
325,header
326,custom
327,certain
328,juli
329,sequenc
330,noth
331,chris
332,particular
333,hand
334,far
335,oper
336,sort
337,kind
338,load
339,import
340,nice
341,man
342,becom
343,valu
344,stori
345,plan
346,million
347,compil
348,text
349,small
350,order
351,john
352,command
353,generat
354,life
355,attack
356,often
357,hi
358,america
359,suggest
360,intern
361,hat
362,project
363,increas
364,relat
365,wrong
366,share
367,tuesday
368,rate
369,default
370,easi
371,high
372,copyright
373,clear
374,local
375,search
376,form
377,human
378,anyway
379,tue
380,microsoft
381,depend
382,past
383,return
384,regard
385,specif
386,fail
387,languag
388,script
389,note
390,thu
391,sun
392,record
393,similar
394,card
395,pretti
396,econom
397,consid
398,standard
399,invok
400,three
401,contain
402,presid
403,industri
404,format
405,major
406,display
407,devic
408,function
409,social
410,upgrad
411,configur
412,protect
413,xml
414,everyth
415,seen
416,whole
417,away
418,true
419,wonder
420,tool
421,per
422,cell
423,offic
424,solut
425,corpor
426,whether
427,vulner
428,given
429,offer
430,continu
431,fri
432,futur
433,exact
434,cheer
435,unseen
436,mention
437,guess
438,feel
439,perhap
440,hour
441,sign
442,research
443,train
444,mark
445,expect
446,onlin
447,execut
448,love
449,warn
450,act
451,via
452,disk
453,pick
454,close
455,sound
456,mon
457,perform
458,level
459,mind
460,area
461,databas
462,full
463,port
464,buy
465,lead
466,author
467,ok
468,notic
469,improv
470,upon
471,care
472,trust
473,document
474,info
475,almost
476,score
477,implement
478,singl
479,forward
480,posit
481,usual
482,matter
483,digit
484,polici
485,main
486,respons
487,gpl
488,individu
489,went
490,book
491,deal
492,x
493,center
494,correct
495,administr
496,spammer
497,account
498,clean
499,cost
500,adam
501,lost
502,game
503,success
504,entir
505,figur
506,unison
507,fine
508,wo
509,begin
510,pay
511,imag
512,kevin
513,known
514,action
515,lawrenc
516,sell
517,interfac
518,rememb
519,although
520,unsubscrib
521,gari
522,space
523,obvious
524,addit
525,leav
526,html
527,guy
528,detail
529,ftp
530,common
531,ignor
532,monday
533,everyon
534,appli
535,articl
536,filter
537,j
538,women
539,tire
540,googl
541,half
542,except
543,fals
544,coupl
545,media
546,memori
547,later
548,suppos
549,saou
550,boot
551,switch
552,size
553,total
554,wait
555,simpl
556,top
557,r
558,miss
559,save
560,alb
561,came
562,happi
563,activ
564,unix
565,assum
566,worth
567,basic
568,pass
569,fall
570,normal
571,near
572,mime
573,view
574,popul
575,object
576,patch
577,java
578,download
579,claim
580,event
581,respect
582,societi
583,famili
584,break
585,learn
586,whatev
587,term
588,cvs
589,publish
590,limit
591,procedur
592,interact
593,explain
594,legal
595,effort
596,handl
597,decid
598,practic
599,meet
600,agre
601,told
602,sa
603,produc
604,collect
605,hardwar
606,cd
607,sens
608,osdn
609,left
610,offici
611,beberg
612,redhat
613,across
614,murphi
615,especi
616,freedom
617,head
618,involv
619,india
620,paul
621,apt
622,model
623,path
624,e
625,various
626,ham
627,night
628,capit
629,grow
630,platform
631,togeth
632,remot
633,organ
634,store
635,hold
636,tag
637,id
638,invest
639,parti
640,quot
641,argument
642,remain
643,driver
644,host
645,method
646,folk
647,unless
648,oh
649,os
650,side
651,special
652,accept
653,appar
654,join
655,subscrib
656,prevent
657,refer
658,quick
659,modul
660,bodi
661,opportun
662,along
663,final
664,gnupg
665,enabl
666,fair
667,multipl
668,goe
669,concern
670,initi
671,region
672,archiv
673,deliv
674,defin
675,bring
676,sometim
677,match
678,previous
679,block
680,replac
681,dave
682,hous
683,threat
684,earli
685,kill
686,communiti
687,latest
688,librari
689,david
690,piec
691,bitbitch
692,terrorist
693,film
694,bill
695,court
696,partner
697,contact
698,price
699,abil
700,attempt
701,setup
702,automat
703,written
704,string
705,wireless
706,simpli
707,robert
708,school
709,soon
710,citi
711,edit
712,natur
713,potenti
714,terror
715,speed
716,cc
717,rh
718,accord
719,short
720,electron
721,music
722,hear
723,street
724,press
725,hettinga
726,averag
727,men
728,msgs
729,energi
730,suit
731,amount
732,delet
733,justin
734,partit
735,due
736,serious
737,behalf
738,thread
739,poor
740,repli
741,field
742,studi
743,stupid
744,speak
745,environ
746,b
747,capabl
748,daili
749,backup
750,took
751,die
752,strategi
753,fast
754,longer
755,altern
756,cat
757,associ
758,procmail
759,rest
760,sorri
761,datapow
762,track
763,statement
764,oct
765,suse
766,michael
767,taken
768,militari
769,tie
770,french
771,announc
772,pictur
773,easili
774,advanc
775,modifi
776,print
777,avoid
778,scienc
779,board
780,choic
781,friday
782,integr
783,face
784,useless
785,gnu
786,screen
787,reach
788,definit
789,indic
790,watch
791,f
792,player
793,predict
794,class
795,benefit
796,approach
797,programm
798,york
799,brian
800,inlin
801,present
802,member
803,focus
804,websit
805,tim
806,pc
807,request
808,stand
809,target
810,step
811,repositori
812,wish
813,mode
814,danger
815,reserv
816,echo
817,built
818,earth
819,tree
820,attach
821,mass
822,qualiti
823,team
824,powel
825,immedi
826,regul
827,anim
828,histori
829,laptop
830,among
831,recommend
832,octob
833,privat
834,garrigu
835,evid
836,alsa
837,heard
838,mac
839,enterpris
840,spend
841,yeah
842,materi
843,thus
844,signific
845,manual
846,opinion
847,minut
848,pudg
849,thousand
850,confirm
851,commit
852,vendor
853,discov
854,advantag
855,billion
856,rpms
857,institut
858,economi
859,ip
860,paper
861,strong
862,sat
863,late
864,deserv
865,measur
866,whitelist
867,pattern
868,plus
869,stock
870,knowledg
871,occur
872,count
873,skip
874,p
875,drop
876,congress
877,charact
878,describ
879,ventur
880,defens
881,confus
882,william
883,traffic
884,outsid
885,imagin
886,insid
887,sex
888,difficult
889,token
890,temperatur
891,output
892,intellig
893,desktop
894,detect
895,app
896,monitor
897,express
898,locat
899,resourc
900,educ
901,gcc
902,relev
903,cach
904,air
905,newslett
906,theori
907,random
908,challeng
909,spec
910,clue
911,tom
912,boston
913,visit
914,emerg
915,usa
916,wednesday
917,review
918,separ
919,will
920,european
921,feder
922,transfer
923,seek
924,period
925,slow
926,sender
927,choos
928,indian
929,thursday
930,situat
931,w
932,joe
933,storag
934,unfortun
935,otherwis
936,flag
937,technic
938,perfect
939,uk
940,investig
941,button
942,cool
943,whose
944,greg
945,conflict
946,charg
947,rais
948,properti
949,washington
950,n
951,photo
952,confer
953,bar
954,critic
955,contribut
956,white
957,four
958,moment
959,php
960,speech
961,ship
962,mechan
963,enter
964,iii
965,tax
966,entri
967,suspect
968,judg
969,cover
970,dead
971,commerci
972,burn
973,cut
974,behind
975,extrem
976,troubl
977,former
978,bank
979,rang
980,promis
981,binari
982,gain
983,char
984,permiss
985,china
986,vipul
987,smart
988,int
989,third
990,physic
991,fight
992,chanc
993,jame
994,inc
995,firewal
996,profession
997,dvd
998,cooper
999,keyboard
1000,warm
1001,jim
1002,surpris
1003,btw
1004,domain
1005,kid
1006,section
1007,progress
1008,mobil
1009,specifi
1010,hate
1011,faster
1012,risk
1013,rss
1014,reduc
1015,polic
1016,compat
1017,gnome
1018,agent
1019,grant
1020,centuri
1021,regular
1022,effici
1023,tend
1024,structur
1025,prepar
1026,graphic
1027,extra
1028,ftoc
1029,nobodi
1030,catch
1031,tech
1032,goal
1033,python
1034,net
1035,depart
1036,declar
1037,im
1038,teledynam
1039,decad
1040,click
1041,higher
1042,somewher
1043,behavior
1044,eval
1045,land
1046,age
1047,toward
1048,uniqu
1049,identifi
1050,pull
1051,scan
1052,summari
1053,wide
1054,europ
1055,appreci
1056,profil
1057,picasso
1058,lack
1059,none
1060,beta
1061,relationship
1062,held
1063,weapon
1064,dell
1065,consum
1066,item
1067,concept
1068,health
1069,condit
1070,director
1071,saw
1072,rock
1073,most
1074,decis
1075,car
1076,rick
1077,huge
1078,mike
1079,woman
1080,purpos
1081,growth
1082,disabl
1083,dvds
1084,toni
1085,bind
1086,proper
1087,exploit
1088,innov
1089,synchron
1090,ireland
1091,foreign
1092,config
1093,hundr
1094,corpus
1095,virus
1096,compar
1097,instruct
1098,browser
1099,spain
1100,light
1101,dark
1102,fund
1103,propos
1104,earlier
1105,west
1106,recipi
1107,geeg
1108,english
1109,cultur
1110,cabl
1111,defend
1112,concentr
1113,dream
1114,sale
1115,easier
1116,intend
1117,ensur
1118,enemi
1119,dns
1120,rich
1121,aid
1122,fun
1123,worri
1124,young
1125,bearer
1126,yesterday
1127,civil
1128,fire
1129,advertis
1130,room
1131,slight
1132,valid
1133,water
1134,middl
1135,win
1136,negat
1137,evil
1138,protocol
1139,virtual
1140,letter
1141,suck
1142,submit
1143,map
1144,solv
1145,financi
1146,children
1147,alli
1148,rebuild
1149,steve
1150,peter
1151,voic
1152,regist
1153,popular
1154,chief
1155,inde
1156,iiu
1157,roman
1158,eventu
1159,gone
1160,highlight
1161,agenc
1162,sit
1163,termin
1164,listen
1165,v
1166,ran
1167,expert
1168,brain
1169,optim
1170,scientist
1171,realiz
1172,morn
1173,core
1174,degre
1175,hack
1176,strang
1177,instanc
1178,doubt
1179,secret
1180,incom
1181,de
1182,demand
1183,poverti
1184,bell
1185,translat
1186,revis
1187,modern
1188,cheap
1189,liber
1190,annoy
1191,spamd
1192,strip
1193,variabl
1194,extern
1195,climat
1196,odd
1197,ms
1198,recal
1199,lose
1200,led
1201,sendmail
1202,greater
1203,promot
1204,british
1205,carri
1206,video
1207,boy
1208,central
1209,analysi
1210,franc
1211,angl
1212,revok
1213,male
1214,combin
1215,ssh
1216,stabl
1217,achiev
1218,antiqu
1219,walk
1220,architectur
1221,death
1222,hello
1223,instant
1224,util
1225,art
1226,competit
1227,encourag
1228,movi
1229,patent
1230,affect
1231,largest
1232,determin
1233,anybodi
1234,fit
1235,pop
1236,status
1237,peac
1238,isp
1239,argu
1240,edward
1241,password
1242,eugen
1243,lock
1244,trick
1245,mount
1246,retriev
1247,percent
1248,vote
1249,conserv
1250,god
1251,beyond
1252,failur
1253,becam
1254,pain
1255,assist
1256,texa
1257,merg
1258,crash
1259,expens
1260,knew
1261,edificio
1262,permit
1263,planta
1264,necessari
1265,readi
1266,role
1267,democraci
1268,signal
1269,nort
1270,extend
1271,menu
1272,fulli
1273,task
1274,hell
1275,barcelona
1276,paid
1277,six
1278,destruct
1279,mozilla
1280,extens
1281,firm
1282,lawyer
1283,happier
1284,despit
1285,lower
1286,five
1287,wors
1288,damn
1289,independ
1290,babi
1291,fax
1292,impress
1293,fastest
1294,stick
1295,ident
1296,launch
1297,girl
1298,owner
1299,stay
1300,rob
1301,farquhar
1302,mason
1303,reliabl
1304,owen
1305,doc
1306,solari
1307,bigger
1308,reject
1309,dont
1310,dollar
1311,insert
1312,underwrit
1313,ground
1314,ii
1315,pablo
1316,techniqu
1317,modem
1318,essenti
1319,spent
1320,promiscu
1321,typic
1322,stream
1323,gmt
1324,funni
1325,principl
1326,black
1327,van
1328,welch
1329,absolut
1330,north
1331,establish
1332,dynam
1333,mh
1334,tape
1335,low
1336,msg
1337,arriv
1338,hmm
1339,wall
1340,blog
1341,leader
1342,enjoy
1343,repeat
1344,ten
1345,respond
1346,debian
1347,artist
1348,authent
1349,bunch
1350,hunt
1351,anymor
1352,protest
1353,genet
1354,background
1355,mailer
1356,balanc
1357,ah
1358,cds
1359,complain
1360,smtp
1361,descript
1362,broken
1363,radio
1364,gibbon
1365,acceler
1366,introduc
1367,road
1368,msgid
1369,kelli
1370,style
1371,input
1372,gay
1373,serv
1374,station
1375,buffer
1376,observ
1377,constant
1378,bother
1379,feed
1380,attent
1381,batteri
1382,camera
1383,canada
1384,tabl
1385,spot
1386,ie
1387,minor
1388,somebodi
1389,unlik
1390,biggest
1391,plugin
1392,finish
1393,et
1394,dan
1395,consult
1396,south
1397,austin
1398,agreeabl
1399,rohit
1400,hall
1401,awar
1402,threaten
1403,push
1404,tip
1405,alon
1406,index
1407,harley
1408,everybodi
1409,startup
1410,licenc
1411,wife
1412,gordon
1413,favor
1414,empir
1415,met
1416,georg
1417,deploy
1418,mirror
1419,distro
1420,compon
1421,impact
1422,g
1423,editor
1424,democrat
1425,california
1426,duncan
1427,netscap
1428,restrict
1429,iraq
1430,chines
1431,san
1432,hey
1433,repres
1434,that
1435,pointer
1436,feet
1437,guido
1438,eye
1439,expand
1440,acquir
1441,neither
1442,agreement
1443,anywher
1444,safe
1445,employ
1446,img
1447,satellit
1448,amend
1449,consider
1450,reli
1451,tv
1452,restor
1453,basi
1454,context
1455,tradit
1456,floppi
1457,hang
1458,phrase
1459,rare
1460,touch
1461,front
1462,infrastructur
1463,contract
1464,niall
1465,mailbox
1466,tx
1467,parent
1468,guarante
1469,arm
1470,realiti
1471,skeptic
1472,suffer
1473,retail
1474,collabor
1475,seri
1476,wealth
1477,jabber
1478,queri
1479,creativ
1480,sunday
1481,evolv
1482,valhalla
1483,loop
1484,exit
1485,el
1486,convers
1487,convinc
1488,appl
1489,mile
1490,allianc
1491,pacif
1492,glm
1493,therefor
1494,habea
1495,pack
1496,meant
1497,brent
1498,weekend
1499,precis
1500,proxi
1501,gave
1502,fundament
1503,vircio
1504,presum
1505,rose
1506,heart
1507,percentag
1508,explicit
1509,discoveri
1510,colleg
1511,mathemat
1512,audio
1513,algorithm
1514,proprietari
1515,religion
1516,roger
1517,passphras
1518,justic
1519,food
1520,writer
1521,race
1522,journal
1523,vast
1524,shell
1525,motiv
1526,twice
1527,verifi
1528,null
1529,convert
1530,diseas
1531,panel
1532,enforc
1533,scale
1534,hash
1535,bottom
1536,kate
1537,park
1538,channel
1539,femal
1540,craig
1541,telecom
1542,fill
1543,jump
1544,inbox
1545,complex
1546,incompat
1547,blame
1548,resolv
1549,limbo
1550,freebsd
1551,reboot
1552,shape
1553,encrypt
1554,serial
1555,syntax
1556,roll
1557,mix
1558,prior
1559,pars
1560,damag
1561,desir
1562,transform
1563,strike
1564,religi
1565,campaign
1566,investor
1567,bandwidth
1568,rout
1569,forest
1570,mine
1571,spamtrap
1572,mother
1573,crap
1574,domin
1575,flow
1576,vice
1577,exchang
1578,destroy
1579,saturday
1580,corrupt
1581,zero
1582,split
1583,plant
1584,fear
1585,equal
1586,lib
1587,calcul
1588,byte
1589,deni
1590,consist
1591,daniel
1592,dozen
1593,bay
1594,anonym
1595,usb
1596,crimin
1597,imho
1598,clock
1599,larger
1600,riaa
1601,compet
1602,color
1603,classifi
1604,eat
1605,adopt
1606,ui
1607,construct
1608,trivial
1609,hors
1610,icq
1611,shop
1612,wast
1613,somehow
1614,citizen
1615,honest
1616,swap
1617,fan
1618,worker
1619,reveal
1620,staff
1621,surviv
1622,dublin
1623,guid
1624,apart
1625,mere
1626,commiss
1627,constitut
1628,truth
1629,titl
1630,empti
1631,kept
1632,brought
1633,classic
1634,replica
1635,mplayer
1636,pickl
1637,appropri
1638,goto
1639,russia
1640,md
1641,interview
1642,plug
1643,martin
1644,column
1645,star
1646,recogn
1647,muslim
1648,spread
1649,reader
1650,unabl
1651,palestinian
1652,summer
1653,throw
1654,treat
1655,deliveri
1656,labor
1657,confid
1658,preserv
1659,debug
1660,jack
1661,mess
1662,weather
1663,schuman
1664,joke
1665,scheme
1666,blue
1667,murder
1668,egg
1669,embed
1670,planet
1671,pioneer
1672,chip
1673,luck
1674,worst
1675,thoma
1676,al
1677,remind
1678,plenti
1679,weird
1680,cold
1681,travel
1682,violenc
1683,chairman
1684,june
1685,headlin
1686,dinosaur
1687,shout
1688,stephen
1689,marri
1690,l
1691,liberti
1692,alan
1693,histor
1694,elsewher
1695,invent
1696,symbol
1697,amaz
1698,pipe
1699,lilo
1700,tes
1701,fuck
1702,declin
1703,propag
1704,encod
1705,london
1706,credit
1707,scott
1708,wave
1709,elect
1710,factor
1711,frequent
1712,dice
1713,api
1714,portion
1715,rah
1716,senior
1717,bear
1718,okay
1719,processor
1720,stage
1721,violat
1722,logic
1723,spambay
1724,label
1725,astronom
1726,aim
1727,ben
1728,east
1729,hp
1730,timeout
1731,silli
1732,truli
1733,advic
1734,openssl
1735,gpg
1736,prioriti
1737,equival
1738,dump
1739,straight
1740,crime
1741,session
1742,harm
1743,mysql
1744,russian
1745,father
1746,patrick
1747,laugh
1748,prob
1749,scam
1750,blood
1751,tower
1752,honor
1753,bound
1754,moral
1755,privileg
1756,fantasi
1757,assumpt
1758,feedback
1759,round
1760,arg
1761,approv
1762,conveni
1763,ice
1764,curv
1765,britain
1766,admin
1767,openssh
1768,outlook
1769,lie
1770,ultim
1771,imposs
1772,lawsuit
1773,latter
1774,k
1775,strength
1776,admit
1777,encount
1778,cash
1779,raid
1780,assign
1781,domest
1782,grab
1783,beat
1784,compel
1785,varieti
1786,shot
1787,attend
1788,purchas
1789,msn
1790,engag
1791,weak
1792,relay
1793,mistak
1794,profit
1795,hole
1796,necessarili
1797,ximian
1798,oblig
1799,milter
1800,deep
1801,fortun
1802,gather
1803,sport
1804,electr
1805,illeg
1806,foundat
1807,committe
1808,financ
1809,africa
1810,trial
1811,khare
1812,le
1813,joseph
1814,demonstr
1815,disagre
1816,numer
1817,dog
1818,victim
1819,equip
1820,hint
1821,forget
1822,prosper
1823,intellectu
1824,ladi
1825,filesystem
1826,arrest
1827,corn
1828,tweak
1829,ps
1830,prove
1831,privaci
1832,packet
1833,assigne
1834,layer
1835,realnetwork
1836,bugtraq
1837,scope
1838,pursu
1839,wit
1840,drink
1841,jeremi
1842,green
1843,german
1844,onto
1845,candid
1846,gas
1847,union
1848,rdf
1849,seed
1850,marriag
1851,analog
1852,occasion
1853,surfac
1854,routin
1855,sold
1856,combat
1857,statist
1858,socket
1859,element
1860,england
1861,crack
1862,bought
1863,bsd
1864,frank
1865,delay
1866,excel
1867,bob
1868,smaller
1869,topic
1870,sustain
1871,cheney
1872,analyst
1873,child
1874,rise
1875,capitalist
1876,static
1877,scratch
1878,anthoni
1879,sky
1880,aggress
1881,revers
1882,rm
1883,mous
1884,brief
1885,gab
1886,scenario
1887,neighbor
1888,recompil
1889,tune
1890,enhanc
1891,diff
1892,edg
1893,student
1894,dmca
1895,endeavor
1896,apach
1897,rapid
1898,fiction
1899,compress
1900,foo
1901,francisco
1902,massiv
1903,convent
1904,beauti
1905,felt
1906,trigger
1907,ahead
1908,prompt
1909,entrepreneur
1910,shoot
1911,hurt
1912,tar
1913,looney
1914,aspect
1915,fee
1916,paramet
1917,dude
1918,theme
1919,captur
1920,shift
1921,loss
1922,suffici
1923,prom
1924,flash
1925,revolut
1926,battl
1927,cheaper
1928,andrew
1929,belief
1930,framework
1931,ibm
1932,duplic
1933,drug
1934,cant
1935,iirc
1936,western
1937,blind
1938,atmospher
1939,vari
1940,consequ
1941,overflow
1942,resist
1943,song
1944,autom
1945,rsa
1946,cycl
1947,venrock
1948,explor
1949,nvidia
1950,finger
1951,branch
1952,distinct
1953,ide
1954,margin
1955,somewhat
1956,transit
1957,webdev
1958,everywher
1959,march
1960,ar
1961,disclaim
1962,circl
1963,interpret
1964,mr
1965,sampl
1966,defeat
1967,incorpor
1968,zone
1969,hotel
1970,primari
1971,bet
1972,televis
1973,comfort
1974,elimin
1975,poll
1976,soft
1977,asset
1978,hot
1979,nt
1980,bridg
1981,pressur
1982,fat
1983,sober
1984,town
1985,disappear
1986,intel
1987,unusu
1988,trend
1989,influenc
1990,la
1991,meatspac
1992,rsync
1993,opposit
1994,dq
1995,hmmm
1996,pure
1997,prefix
1998,raw
1999,newspap
2000,surround
2001,forg
2002,magnitud
2003,throughout
2004,chart
2005,redistribut
2006,gotten
2007,correspond
2008,heck
2009,ugli
2010,king
2011,famous
2012,estim
2013,adjust
2014,drunken
2015,forev
2016,invalid
2017,forb
2018,master
2019,moon
2020,lift
2021,monkey
2022,conor
2023,struggl
2024,lover
2025,grep
2026,matthew
2027,fault
2028,stuck
2029,debat
2030,strengthen
2031,hal
2032,aol
2033,legitim
2034,clinton
2035,border
2036,imap
2037,categori
2038,bomb
2039,cur
2040,speaker
2041,abus
2042,chad
2043,dig
2044,entiti
2045,succeed
2046,afford
2047,km
2048,array
2049,fetch
2050,tel
2051,sight
2052,reform
2053,arbitrari
2054,wind
2055,volum
2056,tp
2057,weblog
2058,disrupt
2059,plane
2060,strateg
2061,caught
2062,explan
2063,scientif
2064,nmh
2065,gui
2066,optic
2067,attract
2068,consol
2069,door
2070,hide
2071,catalogu
2072,fdisk
2073,moen
2074,hire
2075,proc
2076,experienc
2077,bankruptci
2078,prize
2079,fashion
2080,confidenti
2081,waider
2082,curious
2083,organis
2084,album
2085,fcc
2086,behaviour
2087,shaw
2088,flight
2089,leitl
2090,spring
2091,older
2092,doubl
2093,hugh
2094,adapt
2095,ideal
2096,stabil
2097,complic
2098,armi
2099,screw
2100,batch
2101,manufactur
2102,prakash
2103,render
2104,silent
2105,tk
2106,ved
2107,besid
2108,transact
2109,mountain
2110,scalabl
2111,professor
2112,accur
2113,entertain
2114,particip
2115,proceed
2116,terribl
2117,sudden
2118,plain
2119,missil
2120,credul
2121,newer
2122,japanes
2123,euro
2124,bounc
2125,gateway
2126,movement
2127,republican
2128,tomorrow
2129,dma
2130,teach
2131,tactic
2132,interoper
2133,contributor
2134,dumb
2135,unknown
2136,usag
2137,chat
2138,evalu
2139,stack
2140,minim
2141,shut
2142,xine
2143,usabl
2144,apolog
2145,forgot
2146,bbc
2147,voyag
2148,sync
2149,architect
2150,telephon
2151,ken
2152,shore
2153,collaps
2154,bang
2155,rival
2156,fli
2157,favorit
2158,difficulti
2159,trip
2160,overrid
2161,fake
2162,russel
2163,arrang
2164,asia
2165,bowl
2166,truck
2167,boom
2168,friendship
2169,compens
2170,cite
2171,wisdom
2172,pentium
2173,blair
2174,dramat
2175,turpin
2176,pig
2177,mbr
2178,geometri
2179,assert
2180,coverag
2181,began
2182,dos
2183,born
2184,sedit
2185,grand
2186,sea
2187,kick
2188,submiss
2189,router
2190,till
2191,compromis
2192,seattl
2193,glad
2194,hook
2195,pound
2196,pair
2197,gregori
2198,broadcast
2199,assur
2200,barrera
2201,secretari
2202,invit
2203,mysteri
2204,resid
2205,lyda
2206,annual
2207,ouch
2208,hoover
2209,attribut
2210,circumst
2211,curlin
2212,edt
2213,bird
2214,toler
2215,leadership
2216,harder
2217,cent
2218,socialist
2219,desert
2220,airlin
2221,persist
2222,ga
2223,shown
2224,fell
2225,ass
2226,length
2227,quiet
2228,japan
2229,spokesman
2230,ram
2231,son
2232,inspect
2233,elia
2234,cpu
2235,strict
2236,iso
2237,zealot
2238,rcs
2239,insist
2240,chain
2241,capac
2242,irq
2243,sector
2244,distanc
2245,narrow
2246,idefens
2247,sum
2248,flaw
2249,substanti
2250,gs
2251,senat
2252,lui
2253,heat
2254,stat
2255,bright
2256,fahrl√§nder
2257,clever
2258,richard
2259,spamc
2260,audienc
2261,technomad
2262,steal
2263,oppos
2264,giant
2265,ssl
2266,disclosur
2267,beer
2268,fresh
2269,church
2270,recip
2271,u
2272,island
2273,marc
2274,tmda
2275,debt
2276,corner
2277,cook
2278,evolut
2279,hill
2280,scream
2281,yield
2282,sake
2283,transport
2284,refus
2285,broad
2286,intent
2287,lan
2288,decent
2289,evansvill
2290,presenc
2291,defect
2292,seven
2293,manner
2294,optimis
2295,safeti
2296,multimedia
2297,squar
2298,font
2299,blow
2300,agenda
2301,hacker
2302,sentenc
2303,hospit
2304,postfix
2305,maker
2306,schedul
2307,lanc
2308,nfs
2309,ceo
2310,appeal
2311,trace
2312,workstat
2313,bobbi
2314,coalit
2315,club
2316,resolut
2317,macro
2318,jamesr
2319,wire
2320,visual
2321,robin
2322,commerc
2323,spirit
2324,proven
2325,wear
2326,germani
2327,cto
2328,prison
2329,floor
2330,leg
2331,crazi
2332,breed
2333,fp
2334,activist
2335,loos
2336,kre
2337,buri
2338,galaxi
2339,yep
2340,assembl
2341,elz
2342,filenam
2343,flist
2344,bolcer
2345,nick
2346,cdale
2347,sig
2348,chose
2349,mobius
2350,rough
2351,affair
2352,sed
2353,conclud
2354,sole
2355,preced
2356,excit
2357,blah
2358,hair
2359,liter
2360,biz
2361,bugfix
2362,notion
2363,yapc
2364,wow
2365,dot
2366,chicago
2367,joint
2368,rogu
2369,magic
2370,understood
2371,employe
2372,islam
2373,husband
2374,urban
2375,temporari
2376,anecdot
2377,inspir
2378,mip
2379,frame
2380,own
2381,photograph
2382,overal
2383,xmms
2384,sel
2385,creation
2386,theo
2387,divers
2388,forth
2389,alter
2390,expos
2391,secondari
2392,bradi
2393,cafe
2394,ought
2395,kinda
2396,rewrit
2397,gene
2398,cross
2399,vs
2400,justifi
2401,jess
2402,wild
2403,sophist
2404,heavi
2405,coast
2406,wood
2407,glacier
2408,offspr
2409,buildroot
2410,gibson
2411,bore
2412,mandrak
2413,dr
2414,reflect
2415,arbock
2416,blank
2417,colour
2418,nato
2419,bulk
2420,neal
2421,export
2422,incorrect
2423,handi
2424,familiar
2425,trademark
2426,marla
2427,tild
2428,burger
2429,deliber
2430,idiot
2431,dsl
2432,chuck
2433,modif
2434,lay
2435,berkeley
2436,marshal
2437,finn
2438,msgchang
2439,politician
2440,competitor
2441,accuraci
2442,afghanistan
2443,localhost
2444,neari
2445,daughter
2446,huckleberri
2447,portabl
2448,lucki
2449,sf
2450,bias
2451,conduct
2452,reinstal
2453,en
2454,nativ
2455,pentagon
2456,contin
2457,settl
2458,reuter
2459,db
2460,quarter
2461,cancel
2462,maxim
2463,kuznetsov
2464,insur
2465,ziggi
2466,rat
2467,freeli
2468,environment
2469,advisori
2470,oss
2471,eleg
2472,airport
2473,district
2474,accomplish
2475,skill
2476,infinit
2477,h
2478,oil
2479,decod
2480,offens
2481,wipe
2482,kde
2483,tall
2484,mira
2485,vehicl
2486,conclus
2487,farm
2488,nuclear
2489,emac
2490,eirikur
2491,q
2492,garym
2493,bullet
2494,canarsi
2495,tonight
2496,codec
2497,tini
2498,centr
2499,council
